{"cameraMode":{"drawMode":0,"name":"Shaded","section":"Shading Mode"},"sceneLighting":true,"audioPlay":false,"sceneViewState":{"m_AlwaysRefresh":false,"showFog":true,"showSkybox":true,"showFlares":true,"showImageEffects":true,"showParticleSystems":true,"showVisualEffectGraphs":true,"m_FxEnabled":true},"in2DMode":false,"pivot":{"x":-0.9969584941864014,"y":3.2485427856445314,"z":0.26455992460250857},"rotation":{"x":0.047994215041399,"y":0.003926429431885481,"z":-0.00037529156543314457,"w":0.9990000128746033},"size":5.76536750793457,"orthographic":false}