{"cameraMode":{"drawMode":0,"name":"Shaded","section":"Shading Mode"},"sceneLighting":true,"audioPlay":false,"sceneViewState":{"m_AlwaysRefresh":false,"showFog":true,"showSkybox":true,"showFlares":true,"showImageEffects":true,"showParticleSystems":true,"showVisualEffectGraphs":true,"m_FxEnabled":true},"in2DMode":false,"pivot":{"x":0.5000004768371582,"y":1.1016817092895508,"z":0.28041958808898928},"rotation":{"x":0.15031206607818604,"y":-0.820672333240509,"z":0.2514464557170868,"w":0.49058765172958376},"size":4.526299953460693,"orthographic":false}